ax,ay,az,gx,gy,gz,temp
0.06224924325942993,9.742006301879883,0.28969839215278625,-0.04263399541378021,0.18319295346736908,-0.13909341394901276,29.467369079589844
-0.6440402865409851,10.163386344909668,-0.181959331035614,-0.09512710571289062,0.3446691930294037,-0.02438131719827652,29.6590576171875
-0.2346317619085312,9.8784761428833,0.38546648621559143,0.016920367255806923,0.35532769560813904,0.11231393367052078,29.61113739013672
-0.3711012601852417,9.80904483795166,0.5003881454467773,-0.011324655264616013,0.3276156187057495,0.18505819141864777,29.6590576171875
-1.3192051649093628,9.639056205749512,-0.014365210197865963,-0.0030643183272331953,0.4428606629371643,0.1514839082956314,29.61113739013672
-1.2689268589019775,9.883264541625977,-0.11013327538967133,0.0427672304213047,0.5683644413948059,0.05649004504084587,29.6590576171875
-0.9217676520347595,10.134655952453613,-0.05027823522686958,0.09019754827022552,0.6207243204116821,0.058888208121061325,29.754905700683594
-0.9241618514060974,10.194510459899902,-0.30885201692581177,0.14921899139881134,0.6291179656982422,0.0905972421169281,29.227752685546875
-1.2545616626739502,10.144232749938965,-0.6919242739677429,0.23848392069339752,0.6476370096206665,0.11577794700860977,29.6590576171875
-1.5658079385757446,10.14902114868164,-0.8954314589500427,0.3330780863761902,0.7847320437431335,0.08033844083547592,29.6590576171875
-1.2976573705673218,9.892841339111328,-0.40940847992897034,0.3869034945964813,0.7883292436599731,0.006928024813532829,29.754905700683594
-0.8140285611152649,10.02452278137207,-0.26575639843940735,0.41408270597457886,0.7206478118896484,-0.029843797907233238,29.563213348388672
-0.35434186458587646,9.928754806518555,0.08379705995321274,0.41248390078544617,0.5269295573234558,-0.0189188364893198,29.563213348388672
-0.2944868206977844,9.39245319366455,0.2849099934101105,0.34493568539619446,0.3308131694793701,0.014655436389148235,29.6590576171875
6.89530086517334,6.947973251342773,8.044517517089844,-0.04263399541378021,-0.0740765631198883,-0.09339510649442673,29.563213348388672
-0.9241618514060974,8.69334602355957,0.8690952062606812,0.1991806924343109,0.10258805006742477,0.046231240034103394,29.563213348388672
-0.5746083855628967,9.651026725769043,0.1412578970193863,0.10338743776082993,0.08140428364276886,0.05315926671028137,29.61113739013672
-1.0055646896362305,9.938331604003906,-0.6416460275650024,0.05129402503371239,0.1698698252439499,0.09352833032608032,29.802827835083008
-1.2114660739898682,10.146626472473145,-0.871489405632019,0.07394333928823471,0.16933691501617432,0.1252373605966568,29.467369079589844
-1.7549498081207275,10.11550235748291,-1.5394717454910278,0.08446860313415527,0.16680550575256348,0.0824701339006424,29.563213348388672
-1.900996208190918,10.216058731079102,-1.8148049116134644,0.11817611008882523,0.1945176124572754,0.02717917412519455,29.563213348388672
-1.7525556087493896,10.287884712219238,-1.7621324062347412,0.14269065856933594,0.14069218933582306,-0.039969369769096375,29.802827835083008
-1.3694833517074585,10.307038307189941,-1.843535304069519,0.11591117829084396,0.043566614389419556,-0.07194487005472183,29.467369079589844
-1.2234370708465576,10.232817649841309,-2.341529369354248,0.11617764085531235,-0.11444563418626785,-0.10951608419418335,29.61113739013672
-1.5514427423477173,10.299856185913086,-2.937685489654541,0.1909203678369522,-0.11537826061248779,-0.13935987651348114,29.754905700683594
-1.3239935636520386,10.465055465698242,-3.07415509223938,0.26433077454566956,-0.0642174556851387,-0.17066921293735504,29.563213348388672
-1.0749965906143188,10.6925048828125,-2.9448680877685547,0.3249509930610657,-0.0559571199119091,-0.0888652428984642,29.61113739013672
-1.5945383310317993,10.591948509216309,-3.1651346683502197,0.3694502115249634,-0.034640122205019,-0.03903675079345703,29.754905700683594
-1.7477672100067139,10.493785858154297,-3.332728862762451,0.37824347615242004,-0.015721285715699196,-0.06554976850748062,29.61113739013672
-1.699883222579956,10.656591415405273,-3.648763418197632,0.39796170592308044,-0.04996171221137047,-0.10445328801870346,29.802827835083008
-1.9033904075622559,10.778696060180664,-4.046200752258301,0.4495222270488739,-0.019052067771553993,-0.13216538727283478,29.754905700683594
-1.889025092124939,10.855310440063477,-4.32871675491333,0.49162325263023376,0.10884992778301239,-0.16267535090446472,29.6590576171875
-1.946485996246338,11.05402946472168,-5.008669853210449,0.5345237255096436,0.2125038206577301,-0.1665390431880951,29.61113739013672
-2.1308395862579346,11.422736167907715,-5.595249176025391,0.6271194219589233,0.27418988943099976,-0.18052832782268524,29.563213348388672
-2.121262788772583,11.583148002624512,-5.983109951019287,0.7527565360069275,0.2783200442790985,-0.23315466940402985,29.563213348388672
-1.9081788063049316,11.762712478637695,-6.086060523986816,0.8714655041694641,0.2648636996746063,-0.25300613045692444,29.467369079589844
-1.7860745191574097,11.81059741973877,-6.016628742218018,0.952070415019989,0.26113322377204895,-0.21956507861614227,29.89867401123047
-2.123656988143921,11.84650993347168,-6.1267619132995605,1.004563570022583,0.315891295671463,-0.19198621809482574,29.802827835083008
-2.315192937850952,12.02846908569336,-6.5481414794921875,1.0711791515350342,0.4334012269973755,-0.21183766424655914,29.61113739013672
-2.0614075660705566,12.619836807250977,-7.043741226196289,1.2005467414855957,0.5180030465126038,-0.18559111654758453,29.6590576171875
-2.298433542251587,12.775460243225098,-7.187393665313721,1.3397732973098755,0.4729709029197693,-0.158012256026268,29.61113739013672
-2.647987127304077,12.739546775817871,-7.252037048339844,1.4841960668563843,0.38970139622688293,-0.22103063762187958,29.563213348388672
-2.6144683361053467,13.096282958984375,-6.912060260772705,1.6216906309127808,0.2832496166229248,-0.28245022892951965,29.37152099609375
-2.6240451335906982,13.053187370300293,-6.648698329925537,1.7301408052444458,0.16880397498607635,-0.3225528597831726,29.563213348388672
-2.786850690841675,12.87362289428711,-6.215347766876221,1.8372588157653809,0.15561409294605255,-0.3807748854160309,29.61113739013672
-2.5929205417633057,13.03403377532959,-5.748478412628174,1.925058126449585,0.2158346027135849,-0.38996782898902893,29.6590576171875
-2.7102363109588623,12.689269065856934,-5.398924827575684,1.9734210968017578,0.26752832531929016,-0.39622968435287476,29.37152099609375
-2.293645143508911,12.60547161102295,-5.118803024291992,1.9995344877243042,0.37824347615242004,-0.40262481570243835,29.61113739013672
-1.8938134908676147,12.830527305603027,-4.711789131164551,2.0173873901367188,0.3905007839202881,-0.33880704641342163,29.61113739013672
-2.1739351749420166,12.677297592163086,-4.716577529907227,2.042301654815674,0.3694502115249634,-0.31029555201530457,29.419445037841797
-2.406172752380371,12.737153053283691,-4.563348293304443,2.070946455001831,0.26579633355140686,-0.34187135100364685,29.563213348388672
-2.738966703414917,12.622231483459473,-4.6471452713012695,2.0903983116149902,0.17506586015224457,-0.421943336725235,29.6590576171875
-2.5665841102600098,12.287043571472168,-4.525041103363037,2.1222405433654785,0.11178100854158401,-0.5223996639251709,29.6590576171875
-2.22660756111145,11.954249382019043,-4.364629745483398,2.1243722438812256,0.1004563570022583,-0.5679647922515869,29.754905700683594
-1.9081788063049316,11.695674896240234,-4.180276393890381,2.1059861183166504,0.15228331089019775,-0.5530428886413574,29.563213348388672
-1.7956513166427612,11.365275382995605,-4.355052947998047,2.0849356651306152,0.20877334475517273,-0.5337243676185608,29.61113739013672
-1.3910311460494995,11.068394660949707,-4.3406877517700195,2.095993995666504,0.21823276579380035,-0.5142725706100464,29.6590576171875
-1.2689268589019775,10.843339920043945,-4.089296340942383,2.0838699340820312,0.18172740936279297,-0.4170137643814087,29.61113739013672
-1.721431016921997,10.345345497131348,-4.165910720825195,2.040703058242798,0.207574263215065,-0.3575926423072815,29.802827835083008
-1.922544002532959,10.02691650390625,-4.4723687171936035,1.9968698024749756,0.23981623351573944,-0.38277333974838257,29.563213348388672
-1.723825216293335,9.99100399017334,-4.716577529907227,2.0039310455322266,0.18066155910491943,-0.4071546792984009,29.754905700683594
-1.7573440074920654,9.583989143371582,-4.8722004890441895,2.0007336139678955,0.14948543906211853,-0.4084869921207428,29.754905700683594
-1.7597382068634033,9.26795482635498,-4.845864295959473,2.008594274520874,0.17666462063789368,-0.38930168747901917,29.61113739013672
-1.802833914756775,8.820239067077637,-4.932055473327637,1.9927396774291992,0.2685941755771637,-0.368917316198349,29.802827835083008
-1.7118542194366455,8.470685958862305,-4.680664539337158,1.9442435503005981,0.35692650079727173,-0.31229400634765625,29.754905700683594
-1.843535304069519,8.22887134552002,-4.759673118591309,1.8772281408309937,0.3422710597515106,-0.28111791610717773,29.61113739013672
-1.9608511924743652,8.073247909545898,-5.214571475982666,1.817407250404358,0.316024512052536,-0.31389281153678894,29.802827835083008
-1.6496049165725708,8.04691219329834,-5.47075080871582,1.8036845922470093,0.2487427294254303,-0.28951147198677063,29.802827835083008
-1.625662922859192,7.644686222076416,-5.657498836517334,1.8083475828170776,0.16760489344596863,-0.2552710771560669,29.89867401123047
-1.9536685943603516,7.259219646453857,-5.506663799285889,1.8047503232955933,0.1698698252439499,-0.2290244996547699,29.754905700683594
-2.0422539710998535,6.98628044128418,-5.250484466552734,1.7462618350982666,0.15401531755924225,-0.20797397196292877,29.563213348388672
-2.3535003662109375,6.715735912322998,-5.631162166595459,1.6974992752075195,0.19851453602313995,-0.22356201708316803,29.754905700683594
-2.3487119674682617,6.536170482635498,-6.009446144104004,1.6970995664596558,0.23621898889541626,-0.24820980429649353,29.563213348388672
-2.2888567447662354,6.2847795486450195,-5.985504150390625,1.7106890678405762,0.27445635199546814,-0.2620658576488495,29.563213348388672
-2.1068975925445557,5.875370979309082,-5.839457988739014,1.6829770803451538,0.31868913769721985,-0.2816508412361145,29.563213348388672
-1.8124107122421265,5.578489780426025,-5.719748020172119,1.6390106678009033,0.32694944739341736,-0.2616661489009857,29.563213348388672
-1.5873557329177856,5.102043628692627,-5.758055210113525,1.5650672912597656,0.3044334053993225,-0.23448698222637177,29.754905700683594
-1.3742717504501343,4.8267107009887695,-5.894524574279785,1.4911240339279175,0.24128177762031555,-0.19198621809482574,29.563213348388672
-1.400607943534851,4.683058738708496,-6.004657745361328,1.4399632215499878,0.20291118323802948,-0.13056661188602448,29.563213348388672
-1.6519991159439087,4.448426723480225,-5.904101371765137,1.395597219467163,0.18026186525821686,-0.10565237700939178,29.563213348388672
-1.6160861253738403,4.414907932281494,-5.858611583709717,1.3656202554702759,0.16240888833999634,-0.12270597368478775,29.467369079589844
-1.6759412288665771,4.000710964202881,-5.8442463874816895,1.311528205871582,0.1696033626794815,-0.10645175725221634,29.467369079589844
-1.5658079385757446,3.5889084339141846,-6.421248912811279,1.2754225730895996,0.23528636991977692,-0.12110719829797745,29.563213348388672
-1.5131354331970215,3.507505416870117,-6.907271862030029,1.3381744623184204,0.25953444838523865,-0.12923429906368256,29.563213348388672
-1.3742717504501343,3.155557870864868,-6.574477672576904,1.3648208379745483,0.24288055300712585,-0.12950076162815094,29.563213348388672
-1.1563993692398071,2.920926094055176,-6.064512729644775,1.3296477794647217,0.18865543603897095,-0.07500918954610825,29.563213348388672
-1.3551181554794312,2.2002713680267334,-5.789179801940918,1.2038774490356445,0.04649770259857178,-0.06634915620088577,29.563213348388672
-1.3000515699386597,2.1284453868865967,-5.928043365478516,1.0998238325119019,-0.0905972421169281,-0.08260336518287659,29.563213348388672
-1.3527239561080933,1.9800047874450684,-6.205770969390869,1.0340076684951782,-0.17346706986427307,-0.12097396701574326,29.6590576171875
-1.137245774269104,1.8842366933822632,-6.174646377563477,0.9985681772232056,-0.21783307194709778,-0.09805818647146225,29.61113739013672
-1.2665326595306396,1.6615760326385498,-5.940014362335205,0.9454088807106018,-0.23262174427509308,-0.06181929633021355,29.275676727294922
-1.6879122257232666,1.4939818382263184,-6.01423454284668,0.9094364047050476,-0.19078712165355682,-0.033174578100442886,29.6590576171875
-1.9249382019042969,1.2832920551300049,-5.91128396987915,0.8831899166107178,-0.17066921293735504,-0.09619295597076416,29.61113739013672
-1.599326729774475,1.2282254695892334,-5.640739440917969,0.8589417934417725,-0.1533491611480713,-0.12164012342691422,29.563213348388672
-1.534683346748352,0.8667010068893433,-5.537788391113281,0.8100458979606628,-0.08713322877883911,-0.09632618725299835,29.6590576171875
-1.3287819623947144,0.5147533416748047,-5.04218864440918,0.7299739718437195,-0.022649310529232025,-0.065816231071949,29.563213348388672
-1.3215993642807007,0.35673606395721436,-4.790797710418701,0.615794837474823,0.05249311029911041,-0.016520673409104347,29.754905700683594
-1.3718775510787964,-0.0071826050989329815,-4.946420669555664,0.46884071826934814,0.14588820934295654,0.0189188364893198,29.754905700683594
-1.2210428714752197,0.19871874153614044,-5.638344764709473,0.36172282695770264,0.27432310581207275,0.045698318630456924,29.802827835083008
-1.0271124839782715,0.4836287498474121,-5.901707172393799,0.3093629479408264,0.2567366063594818,0.12457120418548584,29.61113739013672
-1.4772224426269531,0.43095630407333374,-6.342240333557129,0.26086676120758057,0.19624961912631989,0.1596110314130783,29.563213348388672
-1.9033904075622559,0.16759411990642548,-6.856993675231934,0.23635222017765045,0.21956507861614227,0.10178866982460022,29.61113739013672
-1.4101848602294922,0.2585737705230713,-7.33583402633667,0.21450228989124298,0.2387503832578659,0.05076110363006592,29.563213348388672
-1.1013327836990356,0.5626373887062073,-7.728483200073242,0.20490965247154236,0.22969065606594086,0.10458651930093765,29.61113739013672
-1.3862427473068237,0.3471592366695404,-8.166622161865234,0.2045099437236786,0.18172740936279297,0.12816844880580902,29.563213348388672
-1.3335703611373901,0.2298433631658554,-8.255207061767578,0.20970597863197327,0.17399999499320984,0.08779938519001007,29.61113739013672
-0.768538773059845,0.272938996553421,-8.169015884399414,0.17986217141151428,0.11471210420131683,0.11391270905733109,29.61113739013672
-0.7924807667732239,0.30885201692581177,-8.40843677520752,0.14229096472263336,0.06954670697450638,0.2222297042608261,29.467369079589844
-1.4389152526855469,0.3208230137825012,-8.571242332458496,0.12310566753149033,0.025180703029036522,0.27458956837654114,29.563213348388672
-2.032677173614502,0.3663128614425659,-8.686163902282715,0.098857581615448,-0.002531393663957715,0.2588683068752289,29.6590576171875
-2.33913516998291,0.5123591423034668,-9.150638580322266,0.10578560084104538,0.006928024813532829,0.18039509654045105,29.6590576171875
-2.185906171798706,0.6584054827690125,-8.774748802185059,0.1464211344718933,-0.009859112091362476,0.16414088010787964,29.6590576171875
-2.38462495803833,0.5650315880775452,-8.832210540771484,0.15747931599617004,-0.02158346027135849,0.11284685879945755,29.467369079589844
-2.4181437492370605,0.44532153010368347,-8.341399192810059,0.17360030114650726,-0.022516079246997833,0.09672587364912033,29.89867401123047
-2.4875755310058594,0.31364041566848755,-7.8960771560668945,0.16347472369670868,-0.03850382938981056,0.035173047333955765,29.563213348388672
-2.118868589401245,0.15322890877723694,-7.163451671600342,0.125370591878891,-0.07194487005472183,-0.01039203628897667,29.467369079589844
-1.9488801956176758,0.15322890877723694,-6.528987884521484,0.07594180852174759,-0.10112251341342926,0.0034640124067664146,29.61113739013672
-2.0374655723571777,-0.2346317619085312,-6.172252178192139,0.004796324297785759,-0.052759572863578796,-0.03557274118065834,29.563213348388672
-1.4389152526855469,-0.14365209639072418,-5.51624059677124,-0.03850382938981056,-0.08966462314128876,-0.06874731928110123,29.37152099609375
-1.0438719987869263,-0.19632454216480255,-4.8482584953308105,-0.10631853342056274,-0.21876570582389832,-0.037970904260873795,29.61113739013672
-1.2114660739898682,-0.1843535304069519,-4.003105163574219,-0.18026186525821686,-0.3280153274536133,-0.011324655264616013,29.6590576171875
-1.4269442558288574,-0.36152446269989014,-3.179499864578247,-0.32201990485191345,-0.3561271131038666,-0.009192955680191517,29.6590576171875
-1.5945383310317993,-0.33518823981285095,-2.7988216876983643,-0.48056507110595703,-0.3012358546257019,0.003330780891701579,29.754905700683594
-1.9704279899597168,-0.42616790533065796,-2.343923568725586,-0.701329231262207,-0.09099693596363068,0.02371516078710556,29.563213348388672
-2.0231003761291504,-0.2537853717803955,-3.3039982318878174,-0.9403460621833801,0.14029249548912048,0.05156048759818077,29.467369079589844
-2.212242364883423,0.22505496442317963,-5.183446884155273,-0.9849785566329956,0.24661102890968323,-0.0559571199119091,29.61113739013672
-1.5059528350830078,0.608127236366272,-5.884947776794434,-0.9621960520744324,0.32028788328170776,-0.1449555903673172,29.802827835083008
-0.586579442024231,0.9768342971801758,-6.6391215324401855,-0.8931822180747986,0.34680092334747314,-0.11178100854158401,29.563213348388672
0.10055647045373917,1.1180921792984009,-6.165069580078125,-0.8429540395736694,0.20291118323802948,0.04050229862332344,29.563213348388672
-0.08379705995321274,1.0271124839782715,-5.702988624572754,-0.8700000047683716,-0.06008728966116905,0.12976722419261932,29.563213348388672
-0.6416460275650024,1.2018892765045166,-5.0014872550964355,-0.9542021751403809,-0.44405972957611084,0.16014394164085388,29.467369079589844
-1.625662922859192,1.4221558570861816,-4.896142482757568,-1.0206844806671143,-0.6826768517494202,0.09339510649442673,29.6590576171875
-1.8531121015548706,2.027888774871826,-4.2951979637146,-1.03001070022583,-0.7592848539352417,0.022516079246997833,29.37152099609375
-1.8171991109848022,2.0853497982025146,-3.292027235031128,-1.11741042137146,-0.6794793009757996,0.05915467068552971,29.467369079589844
-2.0015525817871094,1.9823989868164062,-2.918531894683838,-1.2696937322616577,-0.39956048130989075,0.1187090277671814,29.754905700683594
-1.5969325304031372,2.1811177730560303,-2.889801502227783,-1.430370569229126,-0.16760489344596863,0.18505819141864777,29.37152099609375
-1.656787633895874,2.516305923461914,-3.5625722408294678,-1.6013063192367554,0.00559571199119091,0.2455451786518097,29.563213348388672
-1.5658079385757446,3.2800562381744385,-4.261679172515869,-1.6840428113937378,0.08953139185905457,0.2844487130641937,29.802827835083008
-1.7142484188079834,3.88818359375,-4.642356872558594,-1.7549219131469727,0.1284349113702774,0.35199692845344543,29.419445037841797
-2.073378562927246,4.3622355461120605,-5.078101634979248,-1.7974226474761963,0.19078712165355682,0.39156660437583923,29.563213348388672
-2.2649147510528564,4.410119533538818,-5.262455463409424,-1.8704333305358887,0.24781009554862976,0.3642542362213135,29.61113739013672
-2.0231003761291504,5.037400245666504,-5.729324817657471,-1.9162648916244507,0.2887120842933655,0.3538621664047241,29.6590576171875
-1.9033904075622559,5.456385612487793,-5.810727596282959,-1.928788661956787,0.18252679705619812,0.3738468587398529,29.61113739013672
-2.497152328491211,5.832275390625,-5.949591159820557,-1.9687581062316895,0.10525267571210861,0.37477946281433105,29.802827835083008
-2.7293899059295654,6.519411087036133,-6.289567947387695,-1.958632469177246,0.013189893215894699,0.33534303307533264,29.419445037841797
-3.270479440689087,6.785167694091797,-6.124367713928223,-1.9623628854751587,-0.013456354849040508,0.2801852822303772,29.946596145629883
-3.3231520652770996,6.926425457000732,-6.433219909667969,-1.995537519454956,0.2191653847694397,0.21356967091560364,29.61113739013672
-2.5785553455352783,7.453149795532227,-6.313509941101074,-2.008061170578003,0.2454119473695755,0.20943951606750488,29.61113739013672
-2.6192567348480225,7.65186882019043,-6.31829833984375,-2.043767213821411,0.1648070365190506,0.23142264783382416,29.802827835083008
-2.698265314102173,7.793126583099365,-6.524199485778809,-2.088399648666382,0.053425729274749756,0.17160183191299438,29.563213348388672
-2.47560453414917,8.339004516601562,-6.540958881378174,-2.106785535812378,-0.05076110363006592,0.0955267995595932,29.802827835083008
-2.212242364883423,8.621520042419434,-6.62236213684082,-2.1372954845428467,-0.05182695388793945,0.09126339852809906,29.563213348388672
-2.0422539710998535,8.995016098022461,-6.7061591148376465,-2.1520841121673584,0.016520673409104347,0.1251041293144226,29.802827835083008
-1.9560627937316895,9.287108421325684,-6.833051681518555,-2.143557548522949,0.06341806799173355,0.17892955243587494,29.61113739013672
-2.070984363555908,9.672574996948242,-7.086836814880371,-2.117177724838257,0.08779938519001007,0.19185298681259155,29.802827835083008
-2.3295583724975586,9.938331604003906,-6.907271862030029,-2.0754761695861816,0.06674885004758835,0.19465084373950958,29.6590576171875
-2.47560453414917,10.199298858642578,-6.926425457000732,-2.0648176670074463,0.03503981605172157,0.14229096472263336,29.563213348388672
-2.2170307636260986,10.285490036010742,-7.084442615509033,-1.9991347789764404,0.0010658499086275697,0.10884992778301239,29.37152099609375
-1.9321208000183105,10.141838073730469,-6.435614109039307,-1.9541025161743164,-0.030376723036170006,0.10938285291194916,29.6590576171875
-1.941697597503662,10.27591323852539,-6.114790916442871,-1.9479739665985107,-0.09499387443065643,0.1287013739347458,29.61113739013672
-2.2002713680267334,10.170568466186523,-5.714959621429443,-2.009793281555176,-0.06741500645875931,0.12603674829006195,29.61113739013672
-1.9488801956176758,10.81700325012207,-6.016628742218018,-2.0456323623657227,0.005196018144488335,0.12763553857803345,29.802827835083008
-1.821987509727478,11.281478881835938,-6.339846134185791,-2.010725975036621,-0.021316997706890106,0.1994471549987793,29.61113739013672
-2.169146776199341,11.21204662322998,-6.653486728668213,-1.9279893636703491,-0.07767381519079208,0.20384378731250763,29.563213348388672
-2.454056739807129,10.960655212402344,-6.203376770019531,-1.840722918510437,-0.20304441452026367,0.14069218933582306,29.61113739013672
-2.2816741466522217,11.130643844604492,-5.736507415771484,-1.8429877758026123,-0.17160183191299438,0.0839356780052185,29.802827835083008
-1.7956513166427612,11.487380027770996,-5.468356609344482,-1.8207380771636963,-0.20797397196292877,0.15747931599617004,29.89867401123047
-2.2601263523101807,11.444284439086914,-5.1595048904418945,-1.7976890802383423,-0.22489432990550995,0.2078407257795334,29.802827835083008
-2.7126305103302,11.252747535705566,-4.819528102874756,-1.8305972814559937,-0.16560642421245575,0.20051300525665283,29.563213348388672
-2.6024973392486572,11.568782806396484,-4.927267074584961,-1.8452526330947876,-0.12923429906368256,0.16200919449329376,29.563213348388672
-2.7102363109588623,11.702857971191406,-5.257667064666748,-1.809813141822815,-0.05182695388793945,0.19211943447589874,29.6590576171875
-2.8443117141723633,11.930307388305664,-5.061342239379883,-1.7502588033676147,0.00559571199119091,0.23142264783382416,29.802827835083008
-3.5936968326568604,12.014103889465332,-4.960785865783691,-1.7385344505310059,0.049029093235731125,0.25287288427352905,29.6590576171875
-4.553771495819092,12.02846908569336,-5.1331682205200195,-1.765846848487854,0.1268361359834671,0.18545790016651154,29.61113739013672
-4.714183330535889,11.848904609680176,-5.858611583709717,-1.8283323049545288,0.14042572677135468,-0.049162328243255615,29.802827835083008
-3.667917013168335,12.179304122924805,-7.304709434509277,-1.7550550699234009,0.08673353493213654,-0.25247320532798767,29.61113739013672
-2.360682964324951,12.349292755126953,-8.022970199584961,-1.5520107746124268,-0.04036906361579895,-0.31242725253105164,29.563213348388672
-1.4628572463989258,12.246341705322266,-8.17141056060791,-1.271159291267395,-0.19545021653175354,-0.2705926299095154,29.61113739013672
-0.7661445140838623,11.75553035736084,-6.5696892738342285,-1.0467978715896606,-0.4548514783382416,-0.18665696680545807,29.563213348388672
-1.0127472877502441,11.142614364624023,-5.0876784324646,-0.9467411637306213,-0.6606937050819397,-0.13642878830432892,29.419445037841797
-1.2545616626739502,10.57040023803711,-3.9815573692321777,-0.9103690385818481,-0.7097228169441223,-0.10325420647859573,29.754905700683594
-1.3335703611373901,10.165780067443848,-3.1747114658355713,-0.9208943247795105,-0.6313828229904175,-0.027312403544783592,29.802827835083008
-1.4652514457702637,10.218452453613281,-2.542642116546631,-0.9619295001029968,-0.4668422341346741,0.09486064314842224,29.467369079589844
-2.209848165512085,10.414777755737305,-2.47560453414917,-1.0154885053634644,-0.25100764632225037,0.20717456936836243,29.563213348388672
-2.8610711097717285,10.623072624206543,-2.9089550971984863,-1.0409356355667114,-0.04036906361579895,0.21823276579380035,29.563213348388672
-2.937685489654541,10.757147789001465,-3.339911460876465,-1.0374716520309448,0.13896018266677856,0.1729341447353363,29.61113739013672
-2.4420857429504395,10.843339920043945,-3.7229835987091064,-0.997901976108551,0.19904747605323792,0.14895252883434296,29.61113739013672
-2.451662540435791,10.84094524383545,-4.28322696685791,-0.9352833032608032,0.21876570582389832,0.16893720626831055,29.563213348388672
-2.449268341064453,10.869675636291504,-4.714183330535889,-0.8308300375938416,0.234087273478508,0.15907810628414154,29.802827835083008
-2.315192937850952,10.912771224975586,-4.570530891418457,-0.7157182097434998,0.15068453550338745,0.15108422935009003,29.563213348388672
-2.1787235736846924,10.668562889099121,-4.268861770629883,-0.6375114917755127,-0.006794793531298637,0.10511944442987442,29.6590576171875
-1.9488801956176758,10.733205795288086,-3.869029998779297,-0.5414517521858215,-0.22023123502731323,0.05862174555659294,29.467369079589844
-1.9536685943603516,10.84094524383545,-3.383007049560547,-0.47550228238105774,-0.32668301463127136,0.12790198624134064,29.563213348388672
-2.2840683460235596,10.682928085327148,-2.935291290283203,-0.4283384382724762,-0.3489326238632202,0.17746400833129883,29.563213348388672
-2.5737667083740234,10.453084945678711,-2.229001760482788,-0.42380857467651367,-0.40462327003479004,0.18359264731407166,29.467369079589844
-2.8395233154296875,10.383652687072754,-2.183511972427368,-0.42900457978248596,-0.4628452956676483,0.138560488820076,29.89867401123047
-2.964021682739258,10.314221382141113,-2.2840683460235596,-0.36984992027282715,-0.4451255798339844,0.08660030364990234,29.563213348388672
-2.7485435009002686,10.220847129821777,-1.778891921043396,-0.3444027602672577,-0.40449005365371704,0.09259571135044098,29.563213348388672
-2.580949544906616,10.014945983886719,-1.4101848602294922,-0.3542618751525879,-0.3659861981868744,0.08819908648729324,29.6590576171875
-2.4372973442077637,9.962273597717285,-1.2473790645599365,-0.3513307571411133,-0.2936416268348694,0.09472740441560745,29.61113739013672
-2.382230758666992,10.022128105163574,-1.357512354850769,-0.32681623101234436,-0.22449463605880737,0.11790964752435684,29.6590576171875
-2.561795711517334,9.988609313964844,-1.434126853942871,-0.2784532904624939,-0.1021883636713028,0.12950076162815094,29.6590576171875
-2.6192567348480225,10.02452278137207,-1.5107412338256836,-0.29590660333633423,-0.09499387443065643,0.13762786984443665,29.754905700683594
-2.8658595085144043,10.26394271850586,-2.650381326675415,-0.3033675253391266,-0.2716584801673889,0.07381010800600052,29.61113739013672
-2.8419175148010254,10.036493301391602,-4.247313976287842,-0.27352374792099,-0.5437166690826416,-0.10285452008247375,29.802827835083008
-2.296039342880249,10.165780067443848,-5.097255229949951,-0.1414915770292282,-0.7724747061729431,-0.2487427294254303,29.802827835083008
-1.278503656387329,10.347740173339844,-4.446032524108887,0.03224195912480354,-0.8416217565536499,-0.22316232323646545,29.419445037841797
-1.0414776802062988,10.216058731079102,-2.6599581241607666,0.17693108320236206,-0.800320029258728,-0.039969369769096375,29.563213348388672
-1.6759412288665771,9.454702377319336,-0.3734954595565796,0.16440735757350922,-0.6220566630363464,0.09192955493927002,29.467369079589844
-2.0685901641845703,9.153033256530762,0.9265560507774353,-0.014788667671382427,-0.4088866710662842,0.06062021106481552,29.563213348388672
-1.8914192914962769,9.749189376831055,0.4165911078453064,-0.055290963500738144,-0.2061087191104889,0.1529494673013687,29.563213348388672
-2.2218191623687744,10.0580415725708,0.6368576288223267,-0.06874731928110123,-0.09192955493927002,0.2566033899784088,29.467369079589844
-3.1531636714935303,10.046070098876953,0.22026655077934265,-0.04822970926761627,0.009059724397957325,0.22342880070209503,29.37152099609375
-3.2537200450897217,10.187328338623047,-0.0071826050989329815,0.04529862105846405,0.11471210420131683,0.14535528421401978,29.563213348388672
-3.141192674636841,10.11550235748291,0.26815059781074524,0.11324655264616013,0.19958040118217468,0.06128636747598648,29.563213348388672
-2.7724854946136475,9.909601211547852,0.569819986820221,0.1562802493572235,0.2669954001903534,0.011058192700147629,29.563213348388672
-2.3032219409942627,9.576807022094727,1.0869675874710083,0.16054363548755646,0.2633981704711914,-0.01598774828016758,29.754905700683594
-2.0901381969451904,9.385271072387695,1.2737152576446533,0.10951608419418335,0.25966769456863403,-0.02584685944020748,29.6590576171875
-1.8315643072128296,9.14585018157959,1.1971008777618408,0.059687595814466476,0.24114853143692017,-0.03210872784256935,29.754905700683594
-1.6328455209732056,9.114726066589355,0.9959878921508789,0.02224961668252945,0.2600673735141754,-0.008793261833488941,29.563213348388672
-1.5298948287963867,9.153033256530762,0.912190854549408,-0.010525268502533436,0.26459723711013794,0.024514546617865562,29.802827835083008
-1.359906554222107,9.26795482635498,0.6991068720817566,-0.04170137643814087,0.2190321683883667,0.053958650678396225,29.467369079589844
-1.6280571222305298,9.41639518737793,0.33279404044151306,-0.057689130306243896,0.1680046021938324,0.11764318495988846,29.467369079589844
-1.9105730056762695,9.437943458557129,0.12210428714752197,-0.059687595814466476,0.14388974010944366,0.12990045547485352,29.61113739013672
-2.250549554824829,9.524134635925293,-0.10773907601833344,-0.05795558914542198,0.1169770285487175,0.10991577059030533,29.6590576171875
-2.4013843536376953,9.641449928283691,-0.2106897532939911,-0.05182695388793945,0.07540887594223022,0.08300306648015976,29.563213348388672
-2.360682964324951,9.619902610778809,-0.3232172429561615,-0.03224195912480354,0.03157580643892288,0.03477335348725319,29.563213348388672
-2.0614075660705566,9.619902610778809,-0.4213795065879822,-0.008393567986786366,0.011324655264616013,0.007061255630105734,29.563213348388672
-2.1978771686553955,9.346963882446289,0.05027823522686958,-0.007860642857849598,0.025313934311270714,0.051027562469244,29.563213348388672
-1.9632453918457031,9.682151794433594,-0.21547815203666687,0.06888055056333542,0.021849922835826874,0.1398928016424179,29.563213348388672
-2.231395959854126,9.730035781860352,-0.038307227194309235,0.05622358247637749,0.054624807089567184,0.1450888216495514,29.802827835083008
-2.387019157409668,9.667786598205566,0.16998831927776337,0.05235987901687622,0.015721285715699196,0.10791730135679245,29.563213348388672
-2.425326347351074,9.552865028381348,0.304063618183136,0.021450228989124298,-0.013989279977977276,0.04862940311431885,29.754905700683594
-1.9249382019042969,9.605537414550781,0.12689268589019775,-0.011457886546850204,-0.03850382938981056,0.02224961668252945,29.6590576171875
-1.8148049116134644,9.701305389404297,-0.11252748221158981,-0.023848390206694603,-0.027578866109251976,0.065816231071949,29.754905700683594
-1.9919757843017578,9.773131370544434,-0.3208230137825012,0.004130168352276087,0.010525268502533436,0.11724349111318588,29.802827835083008
-2.1356279850006104,9.904812812805176,-0.30885201692581177,0.035972435027360916,0.01598774828016758,0.1368284821510315,29.61113739013672
-2.5450363159179688,9.725247383117676,-0.2346317619085312,0.053292494267225266,-0.00799387414008379,0.10898315161466599,29.802827835083008
-2.542642116546631,9.512163162231445,0.028730420395731926,0.06568299978971481,-0.06315161287784576,0.010525268502533436,29.467369079589844
-2.1308395862579346,9.464279174804688,0.4141969084739685,0.04716385900974274,-0.1381607949733734,-0.03610566630959511,29.61113739013672
-1.7501614093780518,9.406818389892578,0.5961562395095825,-0.00626186840236187,-0.16027718782424927,-0.005862174555659294,29.563213348388672
-1.6424223184585571,9.222464561462402,0.629675030708313,-0.05169371888041496,-0.1087166965007782,0.05688973888754845,29.802827835083008
-1.843535304069519,9.279925346374512,0.45250412821769714,-0.0839356780052185,0.015055130235850811,0.11417917162179947,29.61113739013672
-1.8076223134994507,9.514557838439941,0.22266076505184174,-0.10098928213119507,0.08753293007612228,0.16880397498607635,29.563213348388672
-1.9632453918457031,9.593565940856934,-0.31603461503982544,-0.09192955493927002,0.18172740936279297,0.1893215924501419,29.467369079589844
-2.0039467811584473,9.75637149810791,-0.3280056416988373,-0.049695249646902084,0.22662633657455444,0.19998009502887726,29.802827835083008
-2.1499931812286377,9.75637149810791,-0.3423708379268646,-0.026912709698081017,0.21210414171218872,0.2106385976076126,29.563213348388672
-2.2361843585968018,9.672574996948242,-0.28969839215278625,0.0034640124067664146,0.20690810680389404,0.1894548088312149,29.563213348388672
-2.276885747909546,9.780313491821289,-0.21308395266532898,0.01612097956240177,0.13403062522411346,0.1662725806236267,29.6590576171875
-2.3942017555236816,9.68694019317627,-0.028730420395731926,0.009592648595571518,0.07860642671585083,0.12150689214468002,29.61113739013672
-2.341529369354248,9.761159896850586,-0.06224924325942993,0.01292342972010374,0.039303213357925415,0.06328483670949936,29.6590576171875
-2.123656988143921,9.660603523254395,-0.23942017555236816,0.01665390469133854,0.03397396579384804,0.010924961417913437,29.563213348388672
-1.920149803161621,9.679757118225098,-0.1604115068912506,0.051160797476768494,0.044898927211761475,-0.002531393663957715,29.61113739013672
-1.5610195398330688,9.624691009521484,0.22505496442317963,0.05569066107273102,-0.0019984685350209475,0.02171669341623783,29.802827835083008
-1.766920804977417,9.53849983215332,0.20111294090747833,0.04396630823612213,-0.033840734511613846,0.06355129927396774,29.563213348388672
-1.702277421951294,9.57441234588623,0.15083470940589905,0.03503981605172157,-0.027712099254131317,0.08446860313415527,29.754905700683594
-1.9273324012756348,9.560047149658203,0.047884032130241394,0.04170137643814087,-0.029710566624999046,0.08633384108543396,29.61113739013672
-1.9752163887023926,9.531316757202148,-0.05027823522686958,0.05515773221850395,0.0037304747384041548,0.06794793158769608,29.61113739013672
-1.9153614044189453,9.672574996948242,0.0694318488240242,0.07820674031972885,-0.0006661561783403158,0.08859877288341522,29.6590576171875
-2.1571757793426514,9.514557838439941,0.2968810200691223,0.08286983519792557,-0.03610566630959511,0.09992342442274094,29.6590576171875
-2.2625205516815186,9.579200744628906,0.3016694188117981,0.06048698350787163,-0.04050229862332344,0.08699999749660492,29.6590576171875
-2.38462495803833,9.603142738342285,0.31603461503982544,0.044232770800590515,-0.03077641688287258,0.0643506869673729,29.61113739013672
-2.4612393379211426,9.59596061706543,0.3519476354122162,0.032375190407037735,-0.05662327632308006,0.035972435027360916,29.802827835083008
-2.2673089504241943,9.35893440246582,0.23942017555236816,0.022516079246997833,-0.07434303313493729,-0.03983614221215248,29.563213348388672
-1.7381904125213623,9.512163162231445,0.24420857429504395,0.015055130235850811,-0.07261102646589279,-0.045032158493995667,29.37152099609375
-1.6687586307525635,9.605537414550781,0.12928688526153564,0.017986217513680458,-0.017053598538041115,0.03837059438228607,29.6590576171875
-1.7741034030914307,9.550470352172852,0.17717093229293823,0.01945176161825657,0.016387442126870155,0.10178866982460022,29.802827835083008
-1.8315643072128296,9.497797966003418,0.30885201692581177,0.01012557465583086,-0.019718224182724953,0.11311332136392593,29.802827835083008
-2.2242133617401123,9.564835548400879,0.18914192914962769,-0.008793261833488941,-0.046231240034103394,0.08273659646511078,29.6590576171875
-2.1811177730560303,9.466673851013184,-0.15083470940589905,-0.015854516997933388,0.017053598538041115,0.03610566630959511,29.467369079589844
-1.9704279899597168,9.646238327026367,-0.16519992053508759,0.014522205106914043,0.05022817850112915,0.027045942842960358,29.6590576171875
-1.843535304069519,9.739612579345703,-0.07422025501728058,0.01598774828016758,0.027445634827017784,0.08660030364990234,29.467369079589844
-2.190694570541382,9.636661529541016,-0.14844051003456116,0.019318528473377228,0.015055130235850811,0.10192189365625381,29.61113739013672
-2.322375535964966,9.514557838439941,-0.1604115068912506,0.03677182272076607,-0.034506890922784805,0.033707503229379654,29.6590576171875
-2.0470423698425293,9.682151794433594,-0.033518824726343155,0.03837059438228607,-0.04529862105846405,-0.011457886546850204,29.6590576171875
-1.7190368175506592,9.679757118225098,-0.033518824726343155,0.03397396579384804,-0.009059724397957325,0.0037304747384041548,29.467369079589844
-1.6950948238372803,9.679757118225098,0.11252748221158981,0.04516538977622986,0.036505360156297684,0.05728943273425102,29.802827835083008
-1.7621324062347412,9.567230224609375,0.16998831927776337,0.03757121041417122,0.04889586567878723,0.08913169801235199,29.802827835083008
-1.9345149993896484,9.48343276977539,0.2322375625371933,0.014122511260211468,-0.0007993874605745077,0.08007197082042694,29.802827835083008
-1.9129672050476074,9.48343276977539,0.26575639843940735,-0.02011791802942753,-0.02371516078710556,0.06115313991904259,29.6590576171875
-1.8842366933822632,9.48343276977539,0.06464344263076782,-0.035972435027360916,-0.014388973824679852,0.03983614221215248,29.6590576171875
-1.800439715385437,9.57441234588623,0.08619125932455063,-0.03424042835831642,0.027445634827017784,0.06714854389429092,29.61113739013672
-1.8339585065841675,9.59835433959961,0.07422025501728058,-0.031709033995866776,0.06741500645875931,0.08113782107830048,29.802827835083008
-1.8052281141281128,9.607931137084961,-0.06703764945268631,-0.02358192950487137,0.050494641065597534,0.09432771801948547,29.37152099609375
-2.0446481704711914,9.720458984375,0.08140286058187485,0.00559571199119091,0.01532159186899662,0.08593414723873138,29.467369079589844
-2.207453966140747,9.557653427124023,0.22266076505184174,0.00506278732791543,-0.009992342442274094,0.060220520943403244,29.467369079589844
-2.166752576828003,9.50737476348877,0.33997663855552673,0.01012557465583086,0.004929556045681238,0.013856049627065659,29.6590576171875
-1.7764976024627686,9.433155059814453,0.5650315880775452,-0.010258805006742477,0.0460980087518692,0.01252373680472374,29.61113739013672
-1.3527239561080933,9.402029991149902,0.5363011956214905,-0.03850382938981056,0.06848085671663284,0.046364475041627884,29.61113739013672
-1.256955862045288,9.461885452270508,0.16998831927776337,-0.05635681748390198,0.13043338060379028,0.11471210420131683,29.467369079589844
-1.4197616577148438,9.579200744628906,-0.09576806426048279,-0.020517610013484955,0.18532465398311615,0.19411790370941162,29.6590576171875
-1.7166426181793213,9.655815124511719,0.014365210197865963,-0.010924961417913437,0.12923429906368256,0.22822511196136475,29.6590576171875
-2.10210919380188,9.636661529541016,-0.1364694982767105,0.003996937070041895,0.039969369769096375,0.20077946782112122,29.802827835083008
-2.403778553009033,9.564835548400879,-0.15322890877723694,0.004130168352276087,-0.02571363002061844,0.13642878830432892,29.6590576171875
-2.3702597618103027,9.648633003234863,0.009576806798577309,0.010525268502533436,-0.033041346818208694,0.06554976850748062,29.563213348388672
-2.1308395862579346,9.658209800720215,0.1867477297782898,-0.015188361518085003,-0.0074609494768083096,0.04822970926761627,29.754905700683594
-2.011129379272461,9.59596061706543,-0.07661445438861847,-0.033174578100442886,0.020384380593895912,0.05622358247637749,29.61113739013672
-2.1116859912872314,9.627084732055664,-0.08140286058187485,-0.029710566624999046,0.10418683290481567,0.06901378184556961,29.563213348388672
-1.900996208190918,9.658209800720215,0.043095629662275314,-0.049828484654426575,0.0939280241727829,0.0756753459572792,29.61113739013672
-1.8962076902389526,9.66539192199707,-0.12689268589019775,-0.06768146902322769,0.04876263439655304,0.07221133261919022,29.61113739013672
-1.845929503440857,9.708487510681152,-0.3734954595565796,-0.07314395159482956,0.03823736682534218,0.046231240034103394,29.6590576171875
-1.7094600200653076,9.749189376831055,-0.33997663855552673,-0.0543583482503891,0.039303213357925415,0.05622358247637749,29.275676727294922
-1.7932571172714233,9.835380554199219,-0.3878606855869293,-0.04263399541378021,0.03837059438228607,0.08340275287628174,29.61113739013672
-1.944091796875,9.8784761428833,-0.730231523513794,0.008793261833488941,0.06701531261205673,0.10511944442987442,29.6590576171875
-2.0446481704711914,9.828198432922363,-0.6320692300796509,0.061686065047979355,0.07767381519079208,0.09073048084974289,29.563213348388672
-2.0925323963165283,9.703699111938477,-0.15083470940589905,0.06741500645875931,0.03157580643892288,0.055290963500738144,29.563213348388672
-1.843535304069519,9.514557838439941,0.10055647045373917,0.01958499290049076,-0.01252373680472374,0.03823736682534218,29.563213348388672
-1.7980455160140991,9.509769439697266,0.1843535304069519,-0.01292342972010374,-0.07114548236131668,0.05515773221850395,29.6590576171875
-1.9345149993896484,9.519346237182617,0.2968810200691223,-0.041434917598962784,-0.07261102646589279,0.057422664016485214,29.563213348388672
-1.9752163887023926,9.59835433959961,0.3256114423274994,-0.05649004504084587,-0.049828484654426575,0.048496171832084656,29.802827835083008
-1.968033790588379,9.682151794433594,0.08379705995321274,-0.06848085671663284,-0.031042879447340965,0.037304747849702835,29.563213348388672
-1.9967641830444336,9.677363395690918,-0.272938996553421,-0.03210872784256935,0.033041346818208694,0.004929556045681238,29.61113739013672
-1.4748282432556152,9.720458984375,-0.22266076505184174,-0.003996937070041895,0.08500153571367264,-0.007194486912339926,29.6590576171875
-1.3742717504501343,9.68933391571045,-0.12689268589019775,0.02158346027135849,0.0905972421169281,0.054624807089567184,29.467369079589844
-1.41257905960083,9.674968719482422,-0.14365209639072418,0.03224195912480354,0.0643506869673729,0.11737671494483948,29.563213348388672
-1.6400281190872192,9.560047149658203,-0.002394201699644327,0.03543950989842415,0.012656967155635357,0.13123276829719543,29.6590576171875
-1.802833914756775,9.564835548400879,0.08379705995321274,0.02291577309370041,-0.03330780938267708,0.10685145854949951,29.467369079589844
-1.7525556087493896,9.569623947143555,0.08379705995321274,0.01532159186899662,-0.03850382938981056,0.0921960175037384,29.802827835083008
-1.745373010635376,9.63187313079834,0.047884032130241394,0.023315466940402985,0.009859112091362476,0.10911638289690018,29.563213348388672
-1.845929503440857,9.59596061706543,0.15322890877723694,0.020517610013484955,0.05688973888754845,0.14109188318252563,29.802827835083008
-2.0829553604125977,9.603142738342285,0.15801730751991272,0.016387442126870155,0.053292494267225266,0.1450888216495514,29.61113739013672
-2.126051187515259,9.672574996948242,0.2059013396501541,-0.004796324297785759,0.018252680078148842,0.10578560084104538,29.467369079589844
-2.1523873805999756,9.579200744628906,0.06703764945268631,-0.028245022520422935,-0.02584685944020748,0.05782235786318779,29.754905700683594
-2.1811177730560303,9.552865028381348,-0.08140286058187485,-0.031176110729575157,0.015721285715699196,0.006794793531298637,29.467369079589844
-1.8267759084701538,9.691728591918945,-0.19153612852096558,-0.026379786431789398,0.0774073451757431,0.006395099684596062,29.61113739013672
-1.5969325304031372,9.787496566772461,-0.14604631066322327,-0.0230490043759346,0.09472740441560745,0.056756507605314255,29.419445037841797
-1.699883222579956,9.619902610778809,-0.3256114423274994,-0.014788667671382427,0.07807350158691406,0.0724777951836586,29.754905700683594
-1.6352397203445435,9.660603523254395,-0.3423708379268646,0.01012557465583086,0.034640122205019,0.07061255723237991,29.6590576171875
-1.745373010635376,9.744400978088379,-0.17238251864910126,0.017186829820275307,0.008127105422317982,0.08273659646511078,29.563213348388672
-1.845929503440857,9.725247383117676,-0.0071826050989329815,0.02158346027135849,-0.01811944879591465,0.08007197082042694,29.802827835083008
-1.845929503440857,9.627084732055664,0.10295066982507706,-0.004263399634510279,-0.05249311029911041,0.062485452741384506,29.563213348388672
-1.7405846118927002,9.452308654785156,0.24420857429504395,-0.03144257143139839,-0.0939280241727829,0.011457886546850204,29.61113739013672
-1.5442601442337036,9.53849983215332,0.10534487664699554,-0.05489126965403557,-0.0460980087518692,0.018385911360383034,29.61113739013672
-1.4101848602294922,9.68694019317627,-0.10055647045373917,-0.060353752225637436,0.021183766424655914,0.08779938519001007,29.563213348388672
-1.556231141090393,9.751583099365234,-0.29209262132644653,-0.04596477746963501,0.07114548236131668,0.1287013739347458,29.563213348388672
-1.867477297782898,9.715670585632324,-0.5937620401382446,-0.005728943273425102,0.1252373605966568,0.1349632441997528,29.563213348388672
-1.824381709098816,9.749189376831055,-0.586579442024231,0.060220520943403244,0.10685145854949951,0.12097396701574326,29.6590576171875
-1.9800047874450684,9.765948295593262,-0.14844051003456116,0.07967228442430496,0.056756507605314255,0.11884226649999619,29.61113739013672
-2.097320795059204,9.59596061706543,0.08379705995321274,0.06208575889468193,-0.01252373680472374,0.09366156160831451,29.802827835083008
-2.1571757793426514,9.512163162231445,0.028730420395731926,0.044898927211761475,-0.06048698350787163,0.03757121041417122,29.61113739013672
-1.8770540952682495,9.564835548400879,-0.002394201699644327,0.03064318373799324,-0.06141960248351097,-0.014655436389148235,29.6590576171875
-1.45806884765625,9.701305389404297,0.1843535304069519,0.01745329238474369,-0.054091885685920715,0.01878560520708561,29.419445037841797
-1.4748282432556152,9.787496566772461,-0.019153613597154617,0.015454824082553387,-0.029577335342764854,0.09912404417991638,29.563213348388672
-1.9249382019042969,9.581595420837402,0.023942016065120697,0.028777947649359703,0.013856049627065659,0.14482234418392181,29.6590576171875
-2.0853497982025146,9.703699111938477,0.17956513166427612,0.02371516078710556,0.00799387414008379,0.13709494471549988,29.61113739013672
-2.3367409706115723,9.552865028381348,0.21787235140800476,-0.0007993874605745077,-0.029843797907233238,0.08060489594936371,29.563213348388672
-2.2433669567108154,9.622296333312988,0.13168109953403473,-0.01678713597357273,-0.06355129927396774,0.020384380593895912,29.754905700683594
-2.1380221843719482,9.682151794433594,0.033518824726343155,-0.01292342972010374,-0.07794027030467987,-0.02291577309370041,29.563213348388672
-1.920149803161621,9.674968719482422,-0.090979665517807,-0.008526799269020557,-0.033041346818208694,-0.036505360156297684,29.6590576171875
-1.659181833267212,9.749189376831055,-0.20111294090747833,0.02504747360944748,0.032375190407037735,0.009192955680191517,29.563213348388672
-1.5873557329177856,9.658209800720215,0.10534487664699554,0.038637056946754456,0.05156048759818077,0.05555742606520653,29.6590576171875
-1.6639702320098877,9.607931137084961,0.24420857429504395,0.02158346027135849,0.018252680078148842,0.09019754827022552,29.563213348388672
-1.9393033981323242,9.481039047241211,0.3064578175544739,-0.009592648595571518,-0.016920367255806923,0.07181163877248764,29.563213348388672
-1.9536685943603516,9.437943458557129,0.11971008777618408,-0.030110260471701622,-0.028111791238188744,0.03437365964055061,29.563213348388672
-1.843535304069519,9.488221168518066,0.06464344263076782,-0.056090351194143295,-0.008127105422317982,0.004929556045681238,29.754905700683594
-1.7908629179000854,9.672574996948242,-0.21308395266532898,-0.0460980087518692,0.06661561876535416,0.02584685944020748,29.563213348388672
-1.7286136150360107,9.677363395690918,-0.3208230137825012,-0.019984684884548187,0.10858345776796341,0.047030624002218246,29.61113739013672
-1.802833914756775,9.713275909423828,-0.2585737705230713,0.00866003055125475,0.09685911238193512,0.06781470030546188,29.802827835083008
-1.8579005002975464,9.62947940826416,0.0071826050989329815,0.008260336704552174,0.022782541811466217,0.07727411389350891,29.802827835083008
-2.051830768585205,9.701305389404297,-0.19393034279346466,0.004663093481212854,0.01598774828016758,0.06714854389429092,29.61113739013672
-1.9512743949890137,9.660603523254395,0.06464344263076782,0.01012557465583086,0.006528330501168966,0.04889586567878723,29.563213348388672
-1.9584569931030273,9.555258750915527,0.2106897532939911,-0.012790199369192123,-0.03637212514877319,0.017186829820275307,29.563213348388672
-1.9488801956176758,9.569623947143555,-0.043095629662275314,-0.02224961668252945,0.013856049627065659,-0.009592648595571518,29.754905700683594
-1.5179238319396973,9.653421401977539,-0.009576806798577309,-0.02371516078710556,0.03717151656746864,0.013189893215894699,29.563213348388672
-1.6639702320098877,9.720458984375,-0.009576806798577309,-0.02651301771402359,0.04383307695388794,0.05076110363006592,29.563213348388672
-1.7717092037200928,9.72285270690918,0.0694318488240242,-0.015454824082553387,0.04330015182495117,0.08926492929458618,29.563213348388672
-2.0015525817871094,9.696516990661621,-0.011971008032560349,-0.021183766424655914,0.039303213357925415,0.09779173135757446,29.563213348388672
-2.22660756111145,9.6989107131958,-0.07182604819536209,-0.011457886546850204,0.06714854389429092,0.07154517620801926,29.563213348388672
-2.319981336593628,9.653421401977539,0.033518824726343155,-0.0173200611025095,0.07327718287706375,0.019318528473377228,29.563213348388672
-2.0638017654418945,9.643844604492188,0.026336219161748886,-0.018252680078148842,0.06688208132982254,-0.036638591438531876,29.563213348388672
-1.721431016921997,9.607931137084961,0.019153613597154617,-0.02291577309370041,0.06688208132982254,-0.03757121041417122,29.754905700683594
-1.5514427423477173,9.617507934570312,0.019153613597154617,-0.03850382938981056,0.021316997706890106,0.0094594182446599,29.467369079589844
-1.7142484188079834,9.548076629638672,-0.18914192914962769,-0.0411684550344944,0.015454824082553387,0.01252373680472374,29.563213348388672
-1.7094600200653076,9.696516990661621,-0.2753331959247589,-0.020384380593895912,0.04929555580019951,0.040768761187791824,29.563213348388672
-1.8483237028121948,9.674968719482422,-0.08619125932455063,-0.008526799269020557,0.07514242082834244,0.049428790807724,29.946596145629883
-1.7693150043487549,9.543288230895996,-0.06224924325942993,-0.012390505522489548,0.0559571199119091,0.031042879447340965,29.563213348388672
-1.7501614093780518,9.5624418258667,-0.10295066982507706,-0.0030643183272331953,0.08167075365781784,0.03823736682534218,29.802827835083008
-1.434126853942871,9.583989143371582,0.21308395266532898,-0.024114854633808136,0.05222664400935173,0.06994640082120895,29.61113739013672
-1.7118542194366455,9.5624418258667,0.2346317619085312,-0.052759572863578796,-0.0054624807089567184,0.0889984667301178,29.802827835083008
-2.011129379272461,9.68933391571045,-0.0933738648891449,-0.057689130306243896,0.006661561783403158,0.06901378184556961,29.563213348388672
-2.2170307636260986,9.720458984375,-0.2801215946674347,-0.03490658476948738,0.07820674031972885,0.021450228989124298,29.563213348388672
-1.9273324012756348,9.758766174316406,0.033518824726343155,-0.01878560520708561,0.0758085772395134,-0.0015987749211490154,29.563213348388672
-1.843535304069519,9.691728591918945,-0.038307227194309235,-0.01745329238474369,0.031176110729575157,0.002797855995595455,29.802827835083008
-1.647210717201233,9.550470352172852,-0.12210428714752197,-0.027312403544783592,0.0054624807089567184,-0.013189893215894699,29.563213348388672
-1.6184803247451782,9.545681953430176,-0.08379705995321274,-0.013056661002337933,0.014788667671382427,-0.008127105422317982,29.61113739013672
-1.4867992401123047,9.677363395690918,-0.07900865375995636,0.0009326186846010387,0.01878560520708561,0.04130168259143829,29.467369079589844
-1.680729627609253,9.718064308166504,-0.002394201699644327,0.009725880809128284,0.021849922835826874,0.09033077955245972,29.419445037841797
-1.9967641830444336,9.591172218322754,-0.014365210197865963,0.012390505522489548,0.058222051709890366,0.09925726801156998,29.61113739013672
-2.030282974243164,9.543288230895996,-0.021547814831137657,0.009725880809128284,0.06155283376574516,0.06381776928901672,29.467369079589844
-1.9584569931030273,9.639056205749512,0.07900865375995636,-0.0030643183272331953,0.01039203628897667,0.05009494721889496,29.61113739013672
-1.9728221893310547,9.500192642211914,0.05746084079146385,-0.025580398738384247,-0.02078407257795334,0.01878560520708561,29.6590576171875
-1.8052281141281128,9.600749015808105,0.026336219161748886,-0.02917763963341713,-0.02011791802942753,0.00866003055125475,29.6590576171875
-1.7118542194366455,9.732429504394531,-0.026336219161748886,-0.019851453602313995,-0.004663093481212854,0.033041346818208694,29.6590576171875
-1.7381904125213623,9.682151794433594,-0.06703764945268631,-0.01119142398238182,0.021316997706890106,0.06528330594301224,29.61113739013672
-1.867477297782898,9.651026725769043,-0.07900865375995636,0.009059724397957325,0.053958650678396225,0.07873965799808502,29.946596145629883
-1.900996208190918,9.727641105651855,0.07661445438861847,0.010658498853445053,0.03837059438228607,0.09046401083469391,29.802827835083008
-2.1092917919158936,9.59596061706543,0.14604631066322327,0.009326186962425709,0.011324655264616013,0.07820674031972885,29.802827835083008
-2.2002713680267334,9.533711433410645,0.12449848651885986,-0.00626186840236187,0.02371516078710556,0.04156814515590668,29.563213348388672
-1.9273324012756348,9.564835548400879,0.2537853717803955,-0.02238284796476364,0.033707503229379654,0.02091730572283268,29.6590576171875
-2.006340980529785,9.624691009521484,0.2849099934101105,-0.026246555149555206,0.040635526180267334,0.024248085916042328,29.6590576171875
-1.8626888990402222,9.624691009521484,0.304063618183136,-0.05169371888041496,0.04050229862332344,0.046231240034103394,29.61113739013672
-1.8818424940109253,9.59835433959961,0.14365209639072418,-0.06834762543439865,0.04250076785683632,0.03903675079345703,29.563213348388672
-1.8195933103561401,9.528923034667969,-0.06224924325942993,-0.06994640082120895,0.06941347569227219,0.039436448365449905,29.563213348388672
-1.7573440074920654,9.634267807006836,-0.16998831927776337,-0.053425729274749756,0.10498622059822083,0.05156048759818077,29.89867401123047
-1.6974890232086182,9.68694019317627,-0.16998831927776337,-0.04330015182495117,0.10138896852731705,0.09006431698799133,29.563213348388672
-1.946485996246338,9.639056205749512,-0.2585737705230713,-0.02091730572283268,0.1021883636713028,0.10511944442987442,29.754905700683594
-2.094926595687866,9.670180320739746,-0.26575639843940735,0.011724349111318588,0.09033077955245972,0.079006128013134,29.563213348388672
-2.03507137298584,9.63187313079834,-0.19632454216480255,0.017586523666977882,0.06141960248351097,0.040102604776620865,29.275676727294922
-1.946485996246338,9.672574996948242,-0.06703764945268631,0.014655436389148235,0.038104135543107986,0.011724349111318588,29.563213348388672
-1.8124107122421265,9.6989107131958,0.019153613597154617,0.015721285715699196,0.025313934311270714,0.013456354849040508,29.419445037841797
-1.7956513166427612,9.651026725769043,0.043095629662275314,0.007194486912339926,0.02091730572283268,0.036638591438531876,29.6590576171875
-1.7836803197860718,9.641449928283691,0.09576806426048279,0.0019984685350209475,-0.0005329249543137848,0.05142726004123688,29.563213348388672
-1.7046716213226318,9.641449928283691,0.06224924325942993,-0.016920367255806923,-0.005728943273425102,0.048362936824560165,29.563213348388672
-1.6759412288665771,9.624691009521484,0.05267243832349777,-0.019318528473377228,0.002797855995595455,0.05715620145201683,29.61113739013672
-1.7046716213226318,9.63187313079834,0.021547814831137657,-0.030243491753935814,0.0002664624771568924,0.06967993825674057,29.6590576171875
-1.8962076902389526,9.725247383117676,-0.1867477297782898,-0.014788667671382427,0.03397396579384804,0.07794027030467987,29.802827835083008
-1.9177556037902832,9.682151794433594,-0.15083470940589905,-0.003330780891701579,0.0643506869673729,0.06794793158769608,29.802827835083008
-1.8986018896102905,9.670180320739746,-0.05746084079146385,0.010924961417913437,0.05555742606520653,0.06408422440290451,29.6590576171875
-1.8339585065841675,9.653421401977539,0.08140286058187485,0.0013323123566806316,0.027312403544783592,0.0756753459572792,29.563213348388672
-1.9369091987609863,9.593565940856934,0.11971008777618408,-0.02025114931166172,0.002931087277829647,0.0807381272315979,29.754905700683594
-1.9249382019042969,9.610325813293457,0.09816227108240128,-0.03157580643892288,-0.0021316998172551394,0.06275191158056259,29.802827835083008
-1.9393033981323242,9.718064308166504,-0.05027823522686958,-0.019185297191143036,0.029444104060530663,0.06901378184556961,29.6590576171875
-1.9512743949890137,9.63187313079834,-0.035913024097681046,-0.002531393663957715,0.058888208121061325,0.07474271953105927,29.467369079589844
-2.0685901641845703,9.62947940826416,-0.1604115068912506,0.013323123566806316,0.13136599957942963,0.055290963500738144,29.802827835083008
-1.7932571172714233,9.66299819946289,-0.12210428714752197,0.031709033995866776,0.18332618474960327,0.056756507605314255,29.6590576171875
-1.7621324062347412,9.576807022094727,-0.040701430290937424,0.02997702918946743,0.1958499252796173,0.07314395159482956,29.61113739013672
-1.7094600200653076,9.557653427124023,0.1412578970193863,0.025447167456150055,0.15241654217243195,0.08966462314128876,29.61113739013672
-1.800439715385437,9.569623947143555,0.026336219161748886,0.00799387414008379,0.10352067649364471,0.09126339852809906,29.563213348388672
-1.8818424940109253,9.615114212036133,-0.047884032130241394,-0.0021316998172551394,0.0823369100689888,0.09312863647937775,29.467369079589844
-1.9847931861877441,9.6989107131958,-0.026336219161748886,0.00559571199119091,0.035173047333955765,0.07860642671585083,29.6590576171875
-1.9967641830444336,9.646238327026367,-0.014365210197865963,-0.002531393663957715,-0.007061255630105734,0.05142726004123688,29.6590576171875
-1.98958158493042,9.670180320739746,-0.09816227108240128,-0.004130168352276087,0.006661561783403158,0.02797855995595455,29.802827835083008
-1.7741034030914307,9.734824180603027,-0.24181437492370605,0.0094594182446599,0.03983614221215248,0.028111791238188744,29.754905700683594
-1.577778935432434,9.684545516967773,0.023942016065120697,0.011591118760406971,0.04263399541378021,0.05982082709670067,29.467369079589844
-1.6400281190872192,9.560047149658203,0.043095629662275314,0.006794793531298637,0.005728943273425102,0.0873996913433075,29.467369079589844
-1.7621324062347412,9.66299819946289,-0.24899697303771973,0.00799387414008379,0.026779478415846825,0.09326186776161194,29.6590576171875
-1.9177556037902832,9.701305389404297,-0.12449848651885986,0.02238284796476364,0.04996171221137047,0.09819142520427704,29.467369079589844
-1.9584569931030273,9.610325813293457,0.026336219161748886,0.014655436389148235,0.03850382938981056,0.08686677366495132,29.802827835083008
-1.8602946996688843,9.500192642211914,0.047884032130241394,0.008526799269020557,0.0053292494267225266,0.06181929633021355,29.563213348388672
-1.7573440074920654,9.533711433410645,0.2082955539226532,-0.01665390469133854,-0.033707503229379654,0.05635681748390198,29.61113739013672
-1.7405846118927002,9.473855972290039,0.21787235140800476,-0.04263399541378021,-0.060220520943403244,0.05196018144488335,29.419445037841797
-1.6376339197158813,9.514557838439941,0.2585737705230713,-0.07207809388637543,-0.057422664016485214,0.07007963210344315,29.61113739013672
-1.6328455209732056,9.47146224975586,0.3998316824436188,-0.09446094930171967,-0.06475038081407547,0.09526033699512482,29.802827835083008
-1.7070658206939697,9.478644371032715,0.31364041566848755,-0.1235053613781929,-0.050361406058073044,0.11058192700147629,29.563213348388672
-1.6735470294952393,9.615114212036133,-0.028730420395731926,-0.12816844880580902,-0.02438131719827652,0.11484532803297043,29.563213348388672
-1.8818424940109253,9.679757118225098,-0.17477671802043915,-0.10858345776796341,0.0427672304213047,0.12270597368478775,29.946596145629883
-1.6304513216018677,9.856928825378418,-0.1867477297782898,-0.06888055056333542,0.026246555149555206,0.1284349113702774,29.61113739013672
-1.9057846069335938,9.995792388916016,-0.40462008118629456,-0.02504747360944748,0.014921898953616619,0.1400260329246521,29.802827835083008
-1.8507179021835327,9.919178009033203,-0.4668693244457245,0.019851453602313995,-0.0030643183272331953,0.11910872906446457,29.61113739013672
-1.9273324012756348,9.658209800720215,-0.2082955539226532,0.03530627861618996,-0.01532159186899662,0.08540122210979462,29.563213348388672
-1.8387469053268433,9.643844604492188,0.011971008032560349,0.04649770259857178,-0.05489126965403557,0.05569066107273102,29.563213348388672
-1.6160861253738403,9.660603523254395,0.2513911724090576,0.03064318373799324,-0.12137366086244583,0.0626186802983284,29.563213348388672
-1.7836803197860718,9.512163162231445,0.19632454216480255,0.0013323123566806316,-0.15508116781711578,0.06275191158056259,29.6590576171875
-1.7717092037200928,9.610325813293457,0.06224924325942993,0.004396630916744471,-0.11164777725934982,0.06301837414503098,29.563213348388672
-1.8555063009262085,9.75397777557373,0.16759411990642548,0.013722817413508892,-0.02584685944020748,0.08353599160909653,29.6590576171875
-1.702277421951294,9.751583099365234,0.1843535304069519,-0.0001332312385784462,0.03477335348725319,0.11764318495988846,29.563213348388672
-2.0614075660705566,9.497797966003418,0.2082955539226532,-0.019052067771553993,0.06301837414503098,0.09019754827022552,29.467369079589844
-2.032677173614502,9.66539192199707,0.07422025501728058,-0.030909648165106773,0.07540887594223022,0.07967228442430496,29.61113739013672
-1.9584569931030273,9.782708168029785,-0.15083470940589905,-0.029577335342764854,0.10298775136470795,0.062485452741384506,29.467369079589844
-2.056619167327881,9.72285270690918,-0.2322375625371933,-0.012656967155635357,0.08913169801235199,0.030909648165106773,29.563213348388672
-1.843535304069519,9.734824180603027,-0.22026655077934265,0.01292342972010374,0.10165543854236603,0.009992342442274094,29.467369079589844
-1.5179238319396973,9.696516990661621,-0.12928688526153564,0.026912709698081017,0.0758085772395134,0.02584685944020748,29.61113739013672
-1.4101848602294922,9.643844604492188,-0.011971008032560349,0.01532159186899662,0.052626337856054306,0.06381776928901672,29.563213348388672
-1.4772224426269531,9.591172218322754,0.10055647045373917,-0.012124042958021164,0.02371516078710556,0.08526799082756042,29.275676727294922
-1.5466543436050415,9.593565940856934,-0.08858546614646912,-0.01945176161825657,-0.031709033995866776,0.09366156160831451,29.563213348388672
-1.8842366933822632,9.706093788146973,-0.07422025501728058,-0.00559571199119091,-0.027712099254131317,0.09805818647146225,29.802827835083008
-1.9632453918457031,9.75637149810791,-0.009576806798577309,0.0002664624771568924,-0.016254210844635963,0.08686677366495132,29.802827835083008
-2.078166961669922,9.751583099365234,-0.06464344263076782,0.015854516997933388,0.00039969373028725386,0.057689130306243896,29.61113739013672
-1.98958158493042,9.739612579345703,0.031124621629714966,0.023981623351573944,0.02078407257795334,0.04156814515590668,29.6590576171875
-1.742978811264038,9.581595420837402,0.27054479718208313,0.0017320062033832073,0.009725880809128284,0.02784533053636551,29.467369079589844
-1.5514427423477173,9.516951560974121,0.3663128614425659,-0.01958499290049076,-0.024514546617865562,0.036638591438531876,29.61113739013672
-1.644816517829895,9.612719535827637,0.19153612852096558,-0.04210107401013374,-0.018519140779972076,0.056756507605314255,29.467369079589844
-1.6065093278884888,9.627084732055664,0.047884032130241394,-0.04996171221137047,0.019318528473377228,0.0839356780052185,29.754905700683594
-1.699883222579956,9.6989107131958,0.05746084079146385,-0.0444992333650589,0.03610566630959511,0.09619295597076416,29.563213348388672
-1.9081788063049316,9.770736694335938,-0.047884032130241394,-0.03424042835831642,0.03890352323651314,0.08846554160118103,29.89867401123047
-1.800439715385437,9.864110946655273,0.11013327538967133,-0.02011791802942753,0.0,0.07754058390855789,29.467369079589844
-1.8602946996688843,9.627084732055664,-0.11013327538967133,-0.0460980087518692,0.01945176161825657,0.027578866109251976,29.61113739013672
-1.7980455160140991,9.770736694335938,-0.21308395266532898,-0.01185758039355278,0.04516538977622986,0.02171669341623783,29.6590576171875
-1.659181833267212,9.701305389404297,-0.1843535304069519,-0.0001332312385784462,0.05142726004123688,0.011324655264616013,29.6590576171875
-1.5658079385757446,9.713275909423828,-0.24181437492370605,0.020384380593895912,0.03770443797111511,0.026379786431789398,29.89867401123047
-1.599326729774475,9.653421401977539,-0.12210428714752197,0.03490658476948738,0.05222664400935173,0.0427672304213047,29.419445037841797
-1.5418659448623657,9.624691009521484,0.20350714027881622,0.02917763963341713,0.026246555149555206,0.057555895298719406,29.754905700683594
-1.647210717201233,9.524134635925293,0.18914192914962769,0.016387442126870155,0.005862174555659294,0.03743797913193703,29.563213348388672
-1.644816517829895,9.555258750915527,0.13407529890537262,0.008260336704552174,0.025447167456150055,0.039436448365449905,29.6590576171875
-1.4963760375976562,9.607931137084961,0.19393034279346466,-0.010658498853445053,0.03077641688287258,0.0329081155359745,29.563213348388672
-1.5131354331970215,9.619902610778809,0.11013327538967133,-0.029044410213828087,0.022516079246997833,0.05848851427435875,29.563213348388672
-1.4077905416488647,9.68694019317627,-0.021547814831137657,-0.024514546617865562,0.017053598538041115,0.08593414723873138,29.563213348388672
-1.6424223184585571,9.782708168029785,-0.12689268589019775,-0.003597243456169963,0.04889586567878723,0.13296477496623993,29.61113739013672
-1.8555063009262085,9.725247383117676,0.0454898327589035,0.004929556045681238,0.027578866109251976,0.13123276829719543,29.563213348388672
-1.8722656965255737,9.78989028930664,0.19871874153614044,0.0018652373692020774,-0.011457886546850204,0.11018224060535431,29.6590576171875
-2.2840683460235596,9.639056205749512,0.06703764945268631,0.0,0.007727412041276693,0.1053859144449234,29.563213348388672
-1.965639591217041,9.653421401977539,0.05027823522686958,-0.016387442126870155,0.022516079246997833,0.058222051709890366,29.61113739013672
-2.049436569213867,9.797073364257812,-0.026336219161748886,-0.0005329249543137848,0.058222051709890366,0.030909648165106773,29.563213348388672
-1.9249382019042969,9.667786598205566,0.1149216815829277,-0.012257273308932781,0.042900457978248596,0.02864471636712551,29.563213348388672
-1.98958158493042,9.751583099365234,-0.26336219906806946,0.018252680078148842,0.05009494721889496,-0.003330780891701579,29.467369079589844
-1.8818424940109253,9.612719535827637,-0.004788403399288654,0.01811944879591465,0.05715620145201683,-0.01039203628897667,29.6590576171875
-1.5610195398330688,9.519346237182617,-0.011971008032560349,0.007061255630105734,-0.014921898953616619,-0.018385911360383034,29.6590576171875
-1.50355863571167,9.457097053527832,0.10773907601833344,-0.012390505522489548,-0.019052067771553993,0.0074609494768083096,29.6590576171875
-1.434126853942871,9.519346237182617,0.20111294090747833,-0.04250076785683632,-0.008793261833488941,0.04103522002696991,29.563213348388672
-1.400607943534851,9.5624418258667,0.05267243832349777,-0.045698318630456924,0.0011990810744464397,0.09033077955245972,29.563213348388672
